name,display,id
sakura_green,null,3485050197
durarara,null, 3468343566
city,null,3161563267
GREENHOUSE RELAXATION NATURE RAINFOREST MUSIC 4K,null,3528542966
frieren,DP-1,3554111340
Bai Lijin,DP-1,"3455873974"""
Kuroha欲语,DP-1,3450329622
time,HDMI-A-1,3400883750
Eva02,DP-1,2011060960
Anukaï,DP-1,1221258370
初音未来,DP-1,2157472615
Strait,DP-1,3328819032
ChainsawMangirls,DP-1,3139557019
Wukong,DP-1,2206275402
wukong 2,DP-1,2220718437
naraha <3,DP-1,3153345453
Periodic Table of Elements *** 40 LANGUAGES ***,DP-1,1828698678
GOAT,DP-1,3473443312
